{"minzoom":0,"maxzoom":9,"center":[114.960938,4.565388,9.0],"bounds":[114.075928,4.002644,115.364672,5.087476]}