{"minzoom":0,"maxzoom":8,"center":[114.609375,4.915464,8.0],"bounds":[114.075928,4.002644,115.364672,5.087476]}